path	status	batch	note
training/core/eval/__init__.py	manual-full-context	priority-eval-1	read complete file; checked comments/docstrings against adjacent implementation
training/core/eval/baselines.py	manual-full-context	priority-eval-1	read complete file; checked comments/docstrings against adjacent implementation
training/core/eval/constants.py	manual-full-context	priority-eval-1	read complete file; checked comments/docstrings against adjacent implementation
training/core/eval/job.py	manual-full-context	priority-eval-1	read complete file; checked comments/docstrings against adjacent implementation
training/core/eval/matchup.py	manual-full-context	priority-eval-1	read complete file; checked comments/docstrings against adjacent implementation
training/core/eval/periodic.py	manual-full-context	priority-eval-1	read complete file; checked comments/docstrings against adjacent implementation
training/core/eval/scenario.py	manual-full-context	priority-eval-1	read complete file; checked comments/docstrings against adjacent implementation
training/core/eval/server.py	manual-full-context	priority-eval-1	read complete file; checked comments/docstrings against adjacent implementation
training/core/eval/statistics.py	manual-full-context	priority-eval-1	read complete file; checked comments/docstrings against adjacent implementation
training/core/eval/worker.py	manual-full-context	priority-eval-1	read complete file; checked comments/docstrings against adjacent implementation
training/core/matchup/greedy_dice.py	manual-full-context	priority-eval-1	read complete file; checked comments/docstrings against adjacent implementation
training/core/matchup/greedy_player.py	manual-full-context	priority-eval-1	read complete file; checked comments/docstrings against adjacent implementation
training/core/matchup/greedy_reroll.py	manual-full-context	priority-eval-1	read complete file; checked comments/docstrings against adjacent implementation
training/core/matchup/greedy_scorers.py	manual-full-context	priority-eval-1	read complete file; checked comments/docstrings against adjacent implementation
training/core/matchup/loaders.py	manual-full-context	priority-eval-1	read complete file; checked comments/docstrings against adjacent implementation
training/core/matchup/matchup.py	manual-full-context	priority-eval-1	read complete file; checked comments/docstrings against adjacent implementation
training/core/matchup/outcome.py	manual-full-context	priority-eval-1	read complete file; checked comments/docstrings against adjacent implementation
training/core/matchup/players.py	manual-full-context	priority-eval-1	read complete file; checked comments/docstrings against adjacent implementation
training/core/inference/client.py	manual-full-context	priority-eval-1	read complete file; checked comments/docstrings against adjacent implementation
training/core/inference/server.py	manual-full-context	priority-eval-1	read complete file; checked comments/docstrings against adjacent implementation
training/core/inference/server_loop/drain.py	manual-full-context	priority-eval-1	read complete file; checked comments/docstrings against adjacent implementation
training/core/inference/server_loop/loop.py	manual-full-context	priority-eval-1	read complete file; checked comments/docstrings against adjacent implementation
training/core/inference/server_loop/stats.py	manual-full-context	priority-eval-1	read complete file; checked comments/docstrings against adjacent implementation
tools/eval/_paradigm.py	manual-full-context	priority-eval-1	read complete file; checked comments/docstrings against adjacent implementation
tools/eval/_replay_runner.py	manual-full-context	priority-eval-1	read complete file; checked comments/docstrings against adjacent implementation
tools/eval/ckpt.py	manual-full-context	priority-eval-1	read complete file; checked comments/docstrings against adjacent implementation
tools/eval/compare.py	manual-full-context	priority-eval-1	read complete file; checked comments/docstrings against adjacent implementation
tools/eval/daemon.py	manual-full-context	priority-eval-1	read complete file; checked comments/docstrings against adjacent implementation
tools/eval/eval_service.py	manual-full-context	priority-eval-1	read complete file; checked comments/docstrings against adjacent implementation
tools/eval/eval_service_job.py	manual-full-context	priority-eval-1	read complete file; checked comments/docstrings against adjacent implementation
tools/eval/eval_service_server.py	manual-full-context	priority-eval-1	read complete file; checked comments/docstrings against adjacent implementation
tools/eval/metrics_view.py	manual-full-context	priority-eval-1	read complete file; checked comments/docstrings against adjacent implementation
tools/eval/paired.py	manual-full-context	priority-eval-1	read complete file; checked comments/docstrings against adjacent implementation
training/paradigms/az/_player_loader.py	manual-full-context	priority-eval-1	read complete file; checked comments/docstrings against adjacent implementation
training/paradigms/bc/_player_loader.py	manual-full-context	priority-eval-1	read complete file; checked comments/docstrings against adjacent implementation
training/paradigms/cfr/_player_loader.py	manual-full-context	priority-eval-1	read complete file; checked comments/docstrings against adjacent implementation
training/paradigms/dmc/_player_loader.py	manual-full-context	priority-eval-1	read complete file; checked comments/docstrings against adjacent implementation
training/paradigms/ppo/_player_loader.py	manual-full-context	priority-eval-1	read complete file; checked comments/docstrings against adjacent implementation
training/core/matchup/__init__.py	manual-full-context	priority-eval-1	package marker with no documentation or comments
training/core/inference/__init__.py	manual-full-context	priority-eval-1	package marker with no documentation or comments
tools/eval/__init__.py	n/a-no-comments	priority-eval-1	package marker with no documentation or comments
training/core/config/__init__.py	manual-full-context	priority-config-2	read complete file; checked comments/docstrings against adjacent implementation
training/core/config/base.py	manual-full-context	priority-config-2	read complete file; checked comments/docstrings against adjacent implementation
training/core/config/inheritance.py	manual-full-context	priority-config-2	read complete file; checked comments/docstrings against adjacent implementation
training/core/config/legacy.py	manual-full-context	priority-config-2	read complete file; checked comments/docstrings against adjacent implementation
training/core/config/loader.py	manual-full-context	priority-config-2	read complete file; checked comments/docstrings against adjacent implementation
training/core/config/presets.py	manual-full-context	priority-config-2	read complete file; checked comments/docstrings against adjacent implementation
training/core/config/schema.py	manual-full-context	priority-config-2	read complete file; checked comments/docstrings against adjacent implementation
training/core/network/__init__.py	manual-full-context	priority-network-3	read complete file; checked comments/docstrings against adjacent implementation
training/core/network/action_buff_embedding.py	manual-full-context	priority-network-3	read complete file; checked comments/docstrings against adjacent implementation
training/core/network/action_embedding.py	manual-full-context	priority-network-3	read complete file; checked comments/docstrings against adjacent implementation
training/core/network/actor_critic.py	manual-full-context	priority-network-3	read complete file; checked comments/docstrings against adjacent implementation
training/core/network/adaptation.py	manual-full-context	priority-network-3	read complete file; checked comments/docstrings against adjacent implementation
training/core/network/agent_base.py	manual-full-context	priority-network-3	read complete file; checked comments/docstrings against adjacent implementation
training/core/network/agent_module_wrapper.py	manual-full-context	priority-network-3	read complete file; checked comments/docstrings against adjacent implementation
training/core/network/agent_observation.py	manual-full-context	priority-network-3	read complete file; checked comments/docstrings against adjacent implementation
training/core/network/buffs.py	manual-full-context	priority-network-3	read complete file; checked comments/docstrings against adjacent implementation
training/core/network/definition_relation.py	manual-full-context	priority-network-3	read complete file; checked comments/docstrings against adjacent implementation
training/core/network/encoder.py	manual-full-context	priority-network-3	read complete file; checked comments/docstrings against adjacent implementation
training/core/network/heads.py	manual-full-context	priority-network-3	read complete file; checked comments/docstrings against adjacent implementation
training/core/network/hook_emb.py	manual-full-context	priority-network-3	read complete file; checked comments/docstrings against adjacent implementation
training/core/network/obs_layout.py	manual-full-context	priority-network-3	read complete file; checked comments/docstrings against adjacent implementation
training/core/network/perspective.py	manual-full-context	priority-network-3	read complete file; checked comments/docstrings against adjacent implementation
training/core/network/static_links.py	manual-full-context	priority-network-3	read complete file; checked comments/docstrings against adjacent implementation
training/core/network/struct_readout.py	manual-full-context	priority-network-3	read complete file; checked comments/docstrings against adjacent implementation
training/core/network/typed_damage.py	manual-full-context	priority-network-3	read complete file; checked comments/docstrings against adjacent implementation
training/core/actor/__init__.py	manual-full-context	priority-actor-4	read complete file; checked comments/docstrings against adjacent implementation
training/core/actor/_inference_helpers.py	manual-full-context	priority-actor-4	read complete file; checked comments/docstrings against adjacent implementation
training/core/actor/_mp_helpers.py	manual-full-context	priority-actor-4	read complete file; checked comments/docstrings against adjacent implementation
training/core/actor/actor_process.py	manual-full-context	priority-actor-4	read complete file; checked comments/docstrings against adjacent implementation
training/core/actor/episode_runner.py	manual-full-context	priority-actor-4	read complete file; checked comments/docstrings against adjacent implementation
training/core/actor/go_subprocess.py	manual-full-context	priority-actor-4	read complete file; checked comments/docstrings against adjacent implementation
training/core/actor/go_subprocess_pipeline.py	manual-full-context	priority-actor-4	read complete file; checked comments/docstrings against adjacent implementation
training/core/actor/inference_client.py	manual-full-context	priority-actor-4	read complete file; checked comments/docstrings against adjacent implementation
training/core/actor/inference_server.py	manual-full-context	priority-actor-4	read complete file; checked comments/docstrings against adjacent implementation
training/core/actor/inference_server_socket_listener.py	manual-full-context	priority-actor-4	read complete file; checked comments/docstrings against adjacent implementation
training/core/actor/inference_server_socket_wire.py	manual-full-context	priority-actor-4	read complete file; checked comments/docstrings against adjacent implementation
training/core/actor/ipc/__init__.py	manual-full-context	priority-actor-4	read complete file; checked comments/docstrings against adjacent implementation
training/core/actor/ipc/queue.py	manual-full-context	priority-actor-4	read complete file; checked comments/docstrings against adjacent implementation
training/core/actor/ipc/ring.py	manual-full-context	priority-actor-4	read complete file; checked comments/docstrings against adjacent implementation
training/core/actor/ipc/ring_shm.py	manual-full-context	priority-actor-4	read complete file; checked comments/docstrings against adjacent implementation
training/core/actor/network_provider.py	manual-full-context	priority-actor-4	read complete file; checked comments/docstrings against adjacent implementation
training/core/actor/pipeline_tuning_cfg.py	manual-full-context	priority-actor-4	read complete file; checked comments/docstrings against adjacent implementation
training/core/actor/policy.py	manual-full-context	priority-actor-4	read complete file; checked comments/docstrings against adjacent implementation
training/core/actor/provider_factory.py	manual-full-context	priority-actor-4	read complete file; checked comments/docstrings against adjacent implementation
training/core/actor/runtime.py	manual-full-context	priority-actor-4	read complete file; checked comments/docstrings against adjacent implementation
training/core/actor/shared_buffer.py	manual-full-context	priority-actor-4	read complete file; checked comments/docstrings against adjacent implementation
training/core/actor/transition_shm_channel.py	manual-full-context	priority-actor-4	read complete file; checked comments/docstrings against adjacent implementation
training/core/actor/transition_sink_wire.py	manual-full-context	priority-actor-4	read complete file; checked comments/docstrings against adjacent implementation
training/core/actor/weights_shm.py	manual-full-context	priority-actor-4	read complete file; checked comments/docstrings against adjacent implementation
training/core/actor/weights_watcher.py	manual-full-context	priority-actor-4	read complete file; checked comments/docstrings against adjacent implementation
gicg_engine/interp/ir/binding.go	manual-full-context	priority-rule-observation-5	read complete file; checked comments/docstrings against adjacent implementation
gicg_engine/interp/ir/compile.go	manual-full-context	priority-rule-observation-5	read complete file; checked comments/docstrings against adjacent implementation
gicg_engine/interp/ir/methods.go	manual-full-context	priority-rule-observation-5	read complete file; checked comments/docstrings against adjacent implementation
gicg_engine/interp/ir/op.go	manual-full-context	priority-rule-observation-5	read complete file; checked comments/docstrings against adjacent implementation
gicg_engine/interp/ir/stmts.go	manual-full-context	priority-rule-observation-5	read complete file; checked comments/docstrings against adjacent implementation
training/core/cfg/__init__.py	manual-full-context	priority-rule-observation-5	read complete file; checked comments/docstrings against adjacent implementation
training/core/cfg/base.py	manual-full-context	priority-rule-observation-5	read complete file; checked comments/docstrings against adjacent implementation
training/core/cfg/factories.py	manual-full-context	priority-rule-observation-5	read complete file; checked comments/docstrings against adjacent implementation
training/core/cfg/loader.py	manual-full-context	priority-rule-observation-5	read complete file; checked comments/docstrings against adjacent implementation
training/core/cfg/shape.py	manual-full-context	priority-rule-observation-5	read complete file; checked comments/docstrings against adjacent implementation
training/core/obs_constants.py	manual-full-context	priority-rule-observation-5	read complete file; checked comments/docstrings against adjacent implementation
training/core/step_encoding.py	manual-full-context	priority-rule-observation-5	read complete file; checked comments/docstrings against adjacent implementation
training/core/structural.py	manual-full-context	priority-rule-observation-5	read complete file; checked comments/docstrings against adjacent implementation
training/core/protocols.py	manual-full-context	priority-rule-observation-5	read complete file; checked comments/docstrings against adjacent implementation
training/core/__init__.py	manual-full-context	priority-training-lifecycle-6	read complete file; checked comments/docstrings against adjacent implementation
training/core/artifact_io.py	manual-full-context	priority-training-lifecycle-6	read complete file; checked comments/docstrings against adjacent implementation
training/core/checkpoint.py	manual-full-context	priority-training-lifecycle-6	read complete file; checked comments/docstrings against adjacent implementation
training/core/checkpoint_runtime.py	manual-full-context	priority-training-lifecycle-6	read complete file; checked comments/docstrings against adjacent implementation
training/core/deck_sampling.py	manual-full-context	priority-training-lifecycle-6	read complete file; checked comments/docstrings against adjacent implementation
training/core/env_factory.py	manual-full-context	priority-training-lifecycle-6	read complete file; checked comments/docstrings against adjacent implementation
training/core/episode_seeds.py	manual-full-context	priority-training-lifecycle-6	read complete file; checked comments/docstrings against adjacent implementation
training/core/health_check.py	manual-full-context	priority-training-lifecycle-6	read complete file; checked comments/docstrings against adjacent implementation
training/core/nan_guard.py	manual-full-context	priority-training-lifecycle-6	read complete file; checked comments/docstrings against adjacent implementation
training/core/pipeline.py	manual-full-context	priority-training-lifecycle-6	read complete file; checked comments/docstrings against adjacent implementation
training/core/rule_learning.py	manual-full-context	priority-training-lifecycle-6	read complete file; checked comments/docstrings against adjacent implementation
training/core/scenario.py	manual-full-context	priority-training-lifecycle-6	read complete file; checked comments/docstrings against adjacent implementation
training/core/scenario_factory.py	manual-full-context	priority-training-lifecycle-6	read complete file; checked comments/docstrings against adjacent implementation
training/core/system_monitor.py	manual-full-context	priority-training-lifecycle-6	read complete file; checked comments/docstrings against adjacent implementation
training/core/buffer/__init__.py	manual-full-context	priority-buffer-opponent-perf-7	read complete file; checked comments/docstrings against adjacent implementation
training/core/buffer/base.py	manual-full-context	priority-buffer-opponent-perf-7	read complete file; checked comments/docstrings against adjacent implementation
training/core/buffer/dataset.py	manual-full-context	priority-buffer-opponent-perf-7	read complete file; checked comments/docstrings against adjacent implementation
training/core/buffer/replay.py	manual-full-context	priority-buffer-opponent-perf-7	read complete file; checked comments/docstrings against adjacent implementation
training/core/buffer/reservoir.py	manual-full-context	priority-buffer-opponent-perf-7	read complete file; checked comments/docstrings against adjacent implementation
training/core/buffer/rollout.py	manual-full-context	priority-buffer-opponent-perf-7	read complete file; checked comments/docstrings against adjacent implementation
training/core/buffer/shared.py	manual-full-context	priority-buffer-opponent-perf-7	read complete file; checked comments/docstrings against adjacent implementation
training/core/buffer/static_dedup.py	manual-full-context	priority-buffer-opponent-perf-7	read complete file; checked comments/docstrings against adjacent implementation
training/core/opponent/__init__.py	manual-full-context	priority-buffer-opponent-perf-7	read complete file; checked comments/docstrings against adjacent implementation
training/core/opponent/mix.py	manual-full-context	priority-buffer-opponent-perf-7	read complete file; checked comments/docstrings against adjacent implementation
training/core/opponent/pool.py	manual-full-context	priority-buffer-opponent-perf-7	read complete file; checked comments/docstrings against adjacent implementation
training/core/perf/__init__.py	manual-full-context	priority-buffer-opponent-perf-7	read complete file; checked comments/docstrings against adjacent implementation
training/core/perf/trace.py	manual-full-context	priority-buffer-opponent-perf-7	read complete file; checked comments/docstrings against adjacent implementation
training/core/logging.py	manual-full-context	priority-run-entry-8	read complete file; checked comments/docstrings against adjacent implementation
tools/runs/train.py	manual-full-context	priority-run-entry-8	read complete file; checked comments/docstrings against adjacent implementation
tools/runs/_train/dispatch.py	manual-full-context	priority-run-entry-8	read complete file; checked comments/docstrings against adjacent implementation
tools/runs/_train/setup.py	manual-full-context	priority-run-entry-8	read complete file; checked comments/docstrings against adjacent implementation
tools/runs/_train/cfg_toml.py	manual-full-context	priority-run-entry-8	read complete file; checked comments/docstrings against adjacent implementation
tools/runs/_train/resume.py	manual-full-context	priority-run-entry-8	read complete file; checked comments/docstrings against adjacent implementation
tools/runs/_train/run.py	manual-full-context	priority-run-entry-8	read complete file; checked comments/docstrings against adjacent implementation
tools/runs/_train/snapshot.py	manual-full-context	priority-run-entry-8	read complete file; checked comments/docstrings against adjacent implementation
tools/runs/__init__.py	manual-full-context	priority-run-helpers-9	read complete file; checked comments/docstrings against adjacent implementation
tools/runs/_helpers/allocator.py	manual-full-context	priority-run-helpers-9	read complete file; checked comments/docstrings against adjacent implementation
tools/runs/_helpers/locks.py	manual-full-context	priority-run-helpers-9	read complete file; checked comments/docstrings against adjacent implementation
tools/runs/_helpers/metadata_io.py	manual-full-context	priority-run-helpers-9	read complete file; checked comments/docstrings against adjacent implementation
tools/runs/_helpers/paths.py	manual-full-context	priority-run-helpers-9	read complete file; checked comments/docstrings against adjacent implementation
tools/runs/_helpers/resolver.py	manual-full-context	priority-run-helpers-9	read complete file; checked comments/docstrings against adjacent implementation
tools/runs/_helpers/sync_extras.py	manual-full-context	priority-run-helpers-9	read complete file; checked comments/docstrings against adjacent implementation
tools/runs/_helpers/sync_scan.py	manual-full-context	priority-run-helpers-9	read complete file; checked comments/docstrings against adjacent implementation
tools/runs/helpers.py	manual-full-context	priority-run-helpers-9	read complete file; checked comments/docstrings against adjacent implementation
tools/runs/_helpers/__init__.py	not-applicable-empty	priority-run-helpers-9	empty source file; no documentation or comments to review
tools/runs/_host.py	manual-full-context	priority-run-management-10	read complete file; checked comments/docstrings against adjacent implementation
tools/runs/_ssh.py	manual-full-context	priority-run-management-10	read complete file; checked comments/docstrings against adjacent implementation
tools/runs/build_engine.py	manual-full-context	priority-run-management-10	read complete file; checked comments/docstrings against adjacent implementation
tools/runs/kill.py	manual-full-context	priority-run-management-10	read complete file; checked comments/docstrings against adjacent implementation
tools/runs/reset_artifacts.py	manual-full-context	priority-run-management-10	read complete file; checked comments/docstrings against adjacent implementation
tools/runs/list.py	manual-full-context	priority-run-management-10	read complete file; checked comments/docstrings against adjacent implementation
tools/runs/show.py	manual-full-context	priority-run-management-10	read complete file; checked comments/docstrings against adjacent implementation
tools/runs/status.py	manual-full-context	priority-run-management-10	read complete file; checked comments/docstrings against adjacent implementation
tools/runs/schema.py	manual-full-context	priority-run-management-10	read complete file; checked comments/docstrings against adjacent implementation
tools/runs/mark.py	manual-full-context	priority-run-management-10	read complete file; checked comments/docstrings against adjacent implementation
tools/runs/recover.py	manual-full-context	priority-run-management-10	read complete file; checked comments/docstrings against adjacent implementation
tools/runs/sync.py	manual-full-context	priority-run-management-10	read complete file; checked comments/docstrings against adjacent implementation
tools/runs/pull.py	manual-full-context	priority-run-management-10	read complete file; checked comments/docstrings against adjacent implementation
tools/runs/tail.py	manual-full-context	priority-run-management-10	read complete file; checked comments/docstrings against adjacent implementation
tools/runs/_remote_sync.py	manual-full-context	priority-run-management-10	read complete file; checked comments/docstrings against adjacent implementation
tools/runs/_train/__init__.py	not-applicable-empty	priority-run-management-10	empty source file; no documentation or comments to review
training/paradigms/az/__init__.py	manual-full-context	priority-paradigm-entry-11	read complete file; checked comments/docstrings against adjacent implementation
training/paradigms/az/config.py	manual-full-context	priority-paradigm-entry-11	read complete file; checked comments/docstrings against adjacent implementation
training/paradigms/az/paradigm.py	manual-full-context	priority-paradigm-entry-11	read complete file; checked comments/docstrings against adjacent implementation
training/paradigms/bc/__init__.py	manual-full-context	priority-paradigm-entry-11	read complete file; checked comments/docstrings against adjacent implementation
training/paradigms/bc/config.py	manual-full-context	priority-paradigm-entry-11	read complete file; checked comments/docstrings against adjacent implementation
training/paradigms/bc/paradigm.py	manual-full-context	priority-paradigm-entry-11	read complete file; checked comments/docstrings against adjacent implementation
training/paradigms/cfr/__init__.py	manual-full-context	priority-paradigm-entry-11	read complete file; checked comments/docstrings against adjacent implementation
training/paradigms/cfr/config.py	manual-full-context	priority-paradigm-entry-11	read complete file; checked comments/docstrings against adjacent implementation
training/paradigms/cfr/paradigm.py	manual-full-context	priority-paradigm-entry-11	read complete file; checked comments/docstrings against adjacent implementation
training/paradigms/dmc/__init__.py	manual-full-context	priority-paradigm-entry-11	read complete file; checked comments/docstrings against adjacent implementation
training/paradigms/dmc/config.py	manual-full-context	priority-paradigm-entry-11	read complete file; checked comments/docstrings against adjacent implementation
training/paradigms/dmc/paradigm.py	manual-full-context	priority-paradigm-entry-11	read complete file; checked comments/docstrings against adjacent implementation
training/paradigms/ppo/__init__.py	manual-full-context	priority-paradigm-entry-11	read complete file; checked comments/docstrings against adjacent implementation
training/paradigms/ppo/config.py	manual-full-context	priority-paradigm-entry-11	read complete file; checked comments/docstrings against adjacent implementation
training/paradigms/ppo/paradigm.py	manual-full-context	priority-paradigm-entry-11	read complete file; checked comments/docstrings against adjacent implementation
docs/3_plans/rule_learning_roadmap.md	manual-full-context	current-rule-experiments-12	read complete file; checked claims and links against current status and result report
docs/5_history/paired_joint_rl_20260914.md	manual-full-context	current-rule-experiments-12	read complete file; reviewed read-only per root ownership boundary
tools/experiments/semantic_training/rl.py	manual-full-context	current-rule-experiments-12	read complete file; reviewed read-only per root ownership boundary
tools/experiments/semantic_training/rl_cli.py	manual-full-context	current-rule-experiments-12	read complete file; reviewed read-only per root ownership boundary
tools/experiments/semantic_training/transfer_probe.py	manual-full-context	current-rule-experiments-12	read complete file; reviewed read-only per root ownership boundary
tools/experiments/semantic_training/gradient_probe.py	manual-full-context	current-rule-experiments-12	read complete file; reviewed read-only per root ownership boundary
tools/experiments/semantic_training/consequence_bootstrap.py	manual-full-context	current-rule-experiments-12	read complete file; reviewed read-only per root ownership boundary
tools/experiments/semantic_training/consequence_export.py	manual-full-context	current-rule-experiments-12	read complete file; reviewed read-only per root ownership boundary
tools/experiments/semantic_training/consequence_policy.py	manual-full-context	current-rule-experiments-12	read complete file; reviewed read-only per root ownership boundary
tools/experiments/semantic_training/consequence_rl.py	manual-full-context	current-rule-experiments-12	read complete file; reviewed read-only per root ownership boundary
training/paradigms/az/network.py	manual-full-context	priority-paradigm-model-policy-13	read complete file; checked comments/docstrings against adjacent implementation
training/paradigms/az/loss.py	manual-full-context	priority-paradigm-model-policy-13	read complete file; checked comments/docstrings against adjacent implementation
training/paradigms/az/policy.py	manual-full-context	priority-paradigm-model-policy-13	read complete file; checked comments/docstrings against adjacent implementation
training/paradigms/bc/network.py	manual-full-context	priority-paradigm-model-policy-13	read complete file; checked comments/docstrings against adjacent implementation
training/paradigms/bc/loss.py	manual-full-context	priority-paradigm-model-policy-13	read complete file; checked comments/docstrings against adjacent implementation
training/paradigms/bc/policy.py	manual-full-context	priority-paradigm-model-policy-13	read complete file; checked comments/docstrings against adjacent implementation
training/paradigms/cfr/network.py	manual-full-context	priority-paradigm-model-policy-13	read complete file; checked comments/docstrings against adjacent implementation
training/paradigms/cfr/loss.py	manual-full-context	priority-paradigm-model-policy-13	read complete file; checked comments/docstrings against adjacent implementation
training/paradigms/cfr/policy.py	manual-full-context	priority-paradigm-model-policy-13	read complete file; checked comments/docstrings against adjacent implementation
training/paradigms/dmc/network.py	manual-full-context	priority-paradigm-model-policy-13	read complete file; checked comments/docstrings against adjacent implementation
training/paradigms/dmc/loss.py	manual-full-context	priority-paradigm-model-policy-13	read complete file; checked comments/docstrings against adjacent implementation
training/paradigms/dmc/policy.py	manual-full-context	priority-paradigm-model-policy-13	read complete file; checked comments/docstrings against adjacent implementation
training/paradigms/ppo/network.py	manual-full-context	priority-paradigm-model-policy-13	read complete file; checked comments/docstrings against adjacent implementation
training/paradigms/ppo/loss.py	manual-full-context	priority-paradigm-model-policy-13	read complete file; checked comments/docstrings against adjacent implementation
training/paradigms/ppo/policy.py	manual-full-context	priority-paradigm-model-policy-13	read complete file; checked comments/docstrings against adjacent implementation
gicg_env/.gitignore	manual-full-context	priority-env-2	read complete file; checked comments/docstrings against adjacent implementation
gicg_env/__init__.py	manual-full-context	priority-env-2	read complete file; checked comments/docstrings against adjacent implementation
gicg_env/_constants.py	manual-full-context	priority-env-2	read complete file; checked comments/docstrings against adjacent implementation
gicg_env/_engine_actions.py	manual-full-context	priority-env-2	read complete file; checked comments/docstrings against adjacent implementation
gicg_env/_engine_api.py	manual-full-context	priority-env-2	read complete file; checked comments/docstrings against adjacent implementation
gicg_env/_engine_errors.py	manual-full-context	priority-env-2	read complete file; checked comments/docstrings against adjacent implementation
gicg_env/_engine_lifecycle.py	manual-full-context	priority-env-2	read complete file; checked comments/docstrings against adjacent implementation
gicg_env/_engine_queries.py	manual-full-context	priority-env-2	read complete file; checked comments/docstrings against adjacent implementation
gicg_env/_engine_state.py	manual-full-context	priority-env-2	read complete file; checked comments/docstrings against adjacent implementation
gicg_env/engine.py	manual-full-context	priority-env-2	read complete file; checked comments/docstrings against adjacent implementation
gicg_env/engine_pool_queries.py	manual-full-context	priority-env-2	read complete file; checked comments/docstrings against adjacent implementation
gicg_env/env.py	manual-full-context	priority-env-2	read complete file; checked comments/docstrings against adjacent implementation
gicg_env/env_action.py	manual-full-context	priority-env-2	read complete file; checked comments/docstrings against adjacent implementation
gicg_env/env_obs.py	manual-full-context	priority-env-2	read complete file; checked comments/docstrings against adjacent implementation
gicg_env/env_query.py	manual-full-context	priority-env-2	read complete file; checked comments/docstrings against adjacent implementation
gicg_env/env_reward.py	manual-full-context	priority-env-2	read complete file; checked comments/docstrings against adjacent implementation
gicg_env/env_state.py	manual-full-context	priority-env-2	read complete file; checked comments/docstrings against adjacent implementation
gicg_env/tests/test_continuation.py	manual-full-context	priority-env-2	read complete file; checked comments/docstrings against adjacent implementation
gicg_env/tests/test_deck_explicit.py	manual-full-context	priority-env-2	read complete file; checked comments/docstrings against adjacent implementation
gicg_env/tests/test_engine.py	manual-full-context	priority-env-2	read complete file; checked comments/docstrings against adjacent implementation
gicg_env/tests/test_env.py	manual-full-context	priority-env-2	read complete file; checked comments/docstrings against adjacent implementation
gicg_env/tests/test_env_inspect.py	manual-full-context	priority-env-2	read complete file; checked comments/docstrings against adjacent implementation
gicg_env/tests/test_env_reward_shaping.py	manual-full-context	priority-env-2	read complete file; checked comments/docstrings against adjacent implementation
gicg_env/tests/test_env_stage0_knobs.py	manual-full-context	priority-env-2	read complete file; checked comments/docstrings against adjacent implementation
gicg_env/tests/test_overload_replay.py	manual-full-context	priority-env-2	read complete file; checked comments/docstrings against adjacent implementation
gicg_env/tests/test_public_observation_audit.py	manual-full-context	priority-env-2	read complete file; checked comments/docstrings against adjacent implementation
gicg_env/tests/test_random_rollout.py	manual-full-context	priority-env-2	read complete file; checked comments/docstrings against adjacent implementation
gicg_env/tests/test_rule_errors.py	manual-full-context	priority-env-2	read complete file; checked comments/docstrings against adjacent implementation
gicg_env/tests/test_rule_graph.py	manual-full-context	priority-env-2	read complete file; checked comments/docstrings against adjacent implementation
gicg_env/tests/test_snapshot_invariants.py	manual-full-context	priority-env-2	read complete file; checked comments/docstrings against adjacent implementation
gicg_env/tests/test_typed_obs_field_order.py	manual-full-context	priority-env-2	read complete file; checked comments/docstrings against adjacent implementation
gicg_env/tests/test_v_phase2_pool_load.py	manual-full-context	priority-env-2	read complete file; checked comments/docstrings against adjacent implementation
tools/cards/__main__.py	manual-full-context	priority-card-tools-3	read complete file; checked comments/docstrings against adjacent implementation
tools/cards/action.py	manual-full-context	priority-card-tools-3	read complete file; checked comments/docstrings against adjacent implementation
tools/cards/apply_cost_judgement.py	manual-full-context	priority-card-tools-3	read complete file; checked comments/docstrings against adjacent implementation
tools/cards/audit_effect_buckets.py	manual-full-context	priority-card-tools-3	read complete file; checked comments/docstrings against adjacent implementation
tools/cards/audit_effect_mechanisms.py	manual-full-context	priority-card-tools-3	read complete file; checked comments/docstrings against adjacent implementation
tools/cards/audit_effect_patterns.py	manual-full-context	priority-card-tools-3	read complete file; checked comments/docstrings against adjacent implementation
tools/cards/audit_effects/main.go	manual-full-context	priority-card-tools-3	read complete file; checked comments/docstrings against adjacent implementation
tools/cards/audit_outliers.py	manual-full-context	priority-card-tools-3	read complete file; checked comments/docstrings against adjacent implementation
tools/cards/character.py	manual-full-context	priority-card-tools-3	read complete file; checked comments/docstrings against adjacent implementation
tools/cards/character_builders.py	manual-full-context	priority-card-tools-3	read complete file; checked comments/docstrings against adjacent implementation
tools/cards/check_list_sync.py	manual-full-context	priority-card-tools-3	read complete file; checked comments/docstrings against adjacent implementation
tools/cards/cleansing_subagent_prompt.md	manual-full-context	priority-card-tools-3	read complete file; checked comments/docstrings against adjacent implementation
tools/cards/cli.py	manual-full-context	priority-card-tools-3	read complete file; checked comments/docstrings against adjacent implementation
tools/cards/constants.py	manual-full-context	priority-card-tools-3	read complete file; checked comments/docstrings against adjacent implementation
tools/cards/cost_resolve.py	manual-full-context	priority-card-tools-3	read complete file; checked comments/docstrings against adjacent implementation
tools/cards/diff_against_sonnet.py	manual-full-context	priority-card-tools-3	read complete file; checked comments/docstrings against adjacent implementation
tools/cards/dl_cost_icons.py	manual-full-context	priority-card-tools-3	read complete file; checked comments/docstrings against adjacent implementation
tools/cards/effect_audit.py	manual-full-context	priority-card-tools-3	read complete file; checked comments/docstrings against adjacent implementation
tools/cards/extractors.py	manual-full-context	priority-card-tools-3	read complete file; checked comments/docstrings against adjacent implementation
tools/cards/fetch.py	manual-full-context	priority-card-tools-3	read complete file; checked comments/docstrings against adjacent implementation
tools/cards/fetch_list.py	manual-full-context	priority-card-tools-3	read complete file; checked comments/docstrings against adjacent implementation
tools/cards/html_utils.py	manual-full-context	priority-card-tools-3	read complete file; checked comments/docstrings against adjacent implementation
tools/cards/list_ext.py	manual-full-context	priority-card-tools-3	read complete file; checked comments/docstrings against adjacent implementation
tools/cards/list_pending_cards.py	manual-full-context	priority-card-tools-3	read complete file; checked comments/docstrings against adjacent implementation
tools/cards/list_uncertain_costs.py	manual-full-context	priority-card-tools-3	read complete file; checked comments/docstrings against adjacent implementation
tools/cards/number_cost_icons.py	manual-full-context	priority-card-tools-3	read complete file; checked comments/docstrings against adjacent implementation
tools/cards/overrides.py	manual-full-context	priority-card-tools-3	read complete file; checked comments/docstrings against adjacent implementation
tools/cards/parse.py	manual-full-context	priority-card-tools-3	read complete file; checked comments/docstrings against adjacent implementation
tools/cards/review_cost.py	manual-full-context	priority-card-tools-3	read complete file; checked comments/docstrings against adjacent implementation
tools/cards/review_cost_iter.py	manual-full-context	priority-card-tools-3	read complete file; checked comments/docstrings against adjacent implementation
tools/cards/rule_baseline.py	manual-full-context	priority-card-tools-3	read complete file; checked comments/docstrings against adjacent implementation
tools/cards/rule_cost_probe.py	manual-full-context	priority-card-tools-3	read complete file; checked comments/docstrings against adjacent implementation
tools/cards/select_sample_cards.py	manual-full-context	priority-card-tools-3	read complete file; checked comments/docstrings against adjacent implementation
tools/cards/skill_catalog/main.go	manual-full-context	priority-card-tools-3	read complete file; checked comments/docstrings against adjacent implementation
tools/cards/strip_card_yaml.py	manual-full-context	priority-card-tools-3	read complete file; checked comments/docstrings against adjacent implementation
tools/cards/terms.py	manual-full-context	priority-card-tools-3	read complete file; checked comments/docstrings against adjacent implementation
tools/cards/tests/test_cost_from_slots.py	manual-full-context	priority-card-tools-3	read complete file; checked comments/docstrings against adjacent implementation
tools/cards/tests/test_effect_audit.py	manual-full-context	priority-card-tools-3	read complete file; checked comments/docstrings against adjacent implementation
tools/cards/tests/test_extractors.py	manual-full-context	priority-card-tools-3	read complete file; checked comments/docstrings against adjacent implementation
tools/cards/tests/test_parse.py	manual-full-context	priority-card-tools-3	read complete file; checked comments/docstrings against adjacent implementation
tools/cards/tests/test_rule_baseline.py	manual-full-context	priority-card-tools-3	read complete file; checked comments/docstrings against adjacent implementation
tools/cards/tests/test_snapshot_cleaning.py	manual-full-context	priority-card-tools-3	read complete file; checked comments/docstrings against adjacent implementation
tools/cards/tracker.py	manual-full-context	priority-card-tools-3	read complete file; checked comments/docstrings against adjacent implementation
tools/cards/transform.py	manual-full-context	priority-card-tools-3	read complete file; checked comments/docstrings against adjacent implementation
gicg_engine/audit/effects.go	manual-full-context	priority-engine-entry-4	read complete file; checked comments/docstrings against adjacent implementation
gicg_engine/audit/public_state.go	manual-full-context	priority-engine-entry-4	read complete file; checked comments/docstrings against adjacent implementation
gicg_engine/audit/untracked.go	manual-full-context	priority-engine-entry-4	read complete file; checked comments/docstrings against adjacent implementation
gicg_engine/capi/capi.go	manual-full-context	priority-engine-entry-4	read complete file; checked comments/docstrings against adjacent implementation
gicg_engine/capi/capi_actions.go	manual-full-context	priority-engine-entry-4	read complete file; checked comments/docstrings against adjacent implementation
gicg_engine/capi/capi_actions_query.go	manual-full-context	priority-engine-entry-4	read complete file; checked comments/docstrings against adjacent implementation
gicg_engine/capi/capi_labels.go	manual-full-context	priority-engine-entry-4	read complete file; checked comments/docstrings against adjacent implementation
gicg_engine/capi/capi_lifecycle.go	manual-full-context	priority-engine-entry-4	read complete file; checked comments/docstrings against adjacent implementation
gicg_engine/capi/capi_observation.go	manual-full-context	priority-engine-entry-4	read complete file; checked comments/docstrings against adjacent implementation
gicg_engine/capi/capi_replay.go	manual-full-context	priority-engine-entry-4	read complete file; checked comments/docstrings against adjacent implementation
gicg_engine/capi/capi_reward.go	manual-full-context	priority-engine-entry-4	read complete file; checked comments/docstrings against adjacent implementation
gicg_engine/capi/capi_rule_error.go	manual-full-context	priority-engine-entry-4	read complete file; checked comments/docstrings against adjacent implementation
gicg_engine/capi/capi_rule_graph.go	manual-full-context	priority-engine-entry-4	read complete file; checked comments/docstrings against adjacent implementation
gicg_engine/capi/capi_snap.go	manual-full-context	priority-engine-entry-4	read complete file; checked comments/docstrings against adjacent implementation
gicg_engine/capi/capi_state.go	manual-full-context	priority-engine-entry-4	read complete file; checked comments/docstrings against adjacent implementation
gicg_engine/capi/mcts_search.go	manual-full-context	priority-engine-entry-4	read complete file; checked comments/docstrings against adjacent implementation
gicg_engine/dsl/audit_method_test.go	manual-full-context	priority-engine-entry-4	read complete file; checked comments/docstrings against adjacent implementation
gicg_engine/dsl/audit_test.go	manual-full-context	priority-engine-entry-4	read complete file; checked comments/docstrings against adjacent implementation
gicg_engine/factory/config.go	manual-full-context	priority-engine-entry-4	read complete file; checked comments/docstrings against adjacent implementation
gicg_engine/factory/game.go	manual-full-context	priority-engine-entry-4	read complete file; checked comments/docstrings against adjacent implementation
gicg_engine/factory/ir_finalize.go	manual-full-context	priority-engine-entry-4	read complete file; checked comments/docstrings against adjacent implementation
gicg_engine/factory/ir_finalize_test.go	manual-full-context	priority-engine-entry-4	read complete file; checked comments/docstrings against adjacent implementation
gicg_engine/factory/obs.go	manual-full-context	priority-engine-entry-4	read complete file; checked comments/docstrings against adjacent implementation
gicg_engine/factory/paths.go	manual-full-context	priority-engine-entry-4	read complete file; checked comments/docstrings against adjacent implementation
gicg_engine/internal/strictjson/decode.go	manual-full-context	priority-engine-entry-4	read complete file; checked comments/docstrings against adjacent implementation
gicg_engine/internal/strictjson/decode_test.go	manual-full-context	priority-engine-entry-4	read complete file; checked comments/docstrings against adjacent implementation
gicg_engine/interp/ir/TEST_PLAN.md	manual-full-context	priority-engine-entry-4	read complete file; checked comments/docstrings against adjacent implementation
gicg_engine/action_char_ref_test.go	n/a-no-comments	engine-no-comment-4	Go source contains no line or block comments; documentation/comment audit not applicable
gicg_engine/buff_identity_test.go	n/a-no-comments	engine-no-comment-4	Go source contains no line or block comments; documentation/comment audit not applicable
gicg_engine/canonical_marker_test.go	n/a-no-comments	engine-no-comment-4	Go source contains no line or block comments; documentation/comment audit not applicable
gicg_engine/cost_reduce_test.go	n/a-no-comments	engine-no-comment-4	Go source contains no line or block comments; documentation/comment audit not applicable
gicg_engine/interp/builtins_buff.go	n/a-no-comments	engine-no-comment-4	Go source contains no line or block comments; documentation/comment audit not applicable
gicg_engine/interp/builtins_buff_progress.go	n/a-no-comments	engine-no-comment-4	Go source contains no line or block comments; documentation/comment audit not applicable
gicg_engine/interp/builtins_element.go	n/a-no-comments	engine-no-comment-4	Go source contains no line or block comments; documentation/comment audit not applicable
gicg_engine/interp/builtins_reroll.go	n/a-no-comments	engine-no-comment-4	Go source contains no line or block comments; documentation/comment audit not applicable
gicg_engine/interp/env_immutable_test.go	n/a-no-comments	engine-no-comment-4	Go source contains no line or block comments; documentation/comment audit not applicable
gicg_engine/interp/hook_skill_refs_test.go	n/a-no-comments	engine-no-comment-4	Go source contains no line or block comments; documentation/comment audit not applicable
gicg_engine/interp/ir/target_counter_test.go	n/a-no-comments	engine-no-comment-4	Go source contains no line or block comments; documentation/comment audit not applicable
gicg_engine/observation_rule_graph_test.go	n/a-no-comments	engine-no-comment-4	Go source contains no line or block comments; documentation/comment audit not applicable
gicg_engine/observation_skill_links_test.go	n/a-no-comments	engine-no-comment-4	Go source contains no line or block comments; documentation/comment audit not applicable
gicg_engine/record/buff_input_test.go	n/a-no-comments	engine-no-comment-4	Go source contains no line or block comments; documentation/comment audit not applicable
gicg_engine/record/export_zones_test.go	n/a-no-comments	engine-no-comment-4	Go source contains no line or block comments; documentation/comment audit not applicable
gicg_engine/record/parse_strict_test.go	n/a-no-comments	engine-no-comment-4	Go source contains no line or block comments; documentation/comment audit not applicable
gicg_engine/tests/buff_independent_test.go	n/a-no-comments	engine-no-comment-4	Go source contains no line or block comments; documentation/comment audit not applicable
gicg_engine/tests/buff_instances_test.go	n/a-no-comments	engine-no-comment-4	Go source contains no line or block comments; documentation/comment audit not applicable
gicg_engine/tests/buff_observation_test.go	n/a-no-comments	engine-no-comment-4	Go source contains no line or block comments; documentation/comment audit not applicable
gicg_engine/tests/buff_round_order_test.go	n/a-no-comments	engine-no-comment-4	Go source contains no line or block comments; documentation/comment audit not applicable
gicg_engine/tests/current_cards_confirmed_rules_test.go	n/a-no-comments	engine-no-comment-4	Go source contains no line or block comments; documentation/comment audit not applicable
gicg_engine/tests/current_cards_interactions_test.go	n/a-no-comments	engine-no-comment-4	Go source contains no line or block comments; documentation/comment audit not applicable
gicg_engine/tests/current_cards_talents_test.go	n/a-no-comments	engine-no-comment-4	Go source contains no line or block comments; documentation/comment audit not applicable
gicg_engine/tests/current_rules_clarified_test.go	n/a-no-comments	engine-no-comment-4	Go source contains no line or block comments; documentation/comment audit not applicable
gicg_engine/tests/current_rules_targets_test.go	n/a-no-comments	engine-no-comment-4	Go source contains no line or block comments; documentation/comment audit not applicable
gicg_engine/tests/effect_audit_test.go	n/a-no-comments	engine-no-comment-4	Go source contains no line or block comments; documentation/comment audit not applicable
gicg_engine/tests/element_application_test.go	n/a-no-comments	engine-no-comment-4	Go source contains no line or block comments; documentation/comment audit not applicable
gicg_engine/tests/native_common_events_test.go	n/a-no-comments	engine-no-comment-4	Go source contains no line or block comments; documentation/comment audit not applicable
gicg_engine/tests/native_common_food_test.go	n/a-no-comments	engine-no-comment-4	Go source contains no line or block comments; documentation/comment audit not applicable
gicg_engine/tests/native_common_resources_test.go	n/a-no-comments	engine-no-comment-4	Go source contains no line or block comments; documentation/comment audit not applicable
gicg_engine/tests/native_effect_test.go	n/a-no-comments	engine-no-comment-4	Go source contains no line or block comments; documentation/comment audit not applicable
gicg_engine/tests/native_pool_factory_test.go	n/a-no-comments	engine-no-comment-4	Go source contains no line or block comments; documentation/comment audit not applicable
gicg_engine/tests/native_reactions_test.go	n/a-no-comments	engine-no-comment-4	Go source contains no line or block comments; documentation/comment audit not applicable
gicg_engine/tests/native_sendoff_test.go	n/a-no-comments	engine-no-comment-4	Go source contains no line or block comments; documentation/comment audit not applicable
gicg_engine/tests/native_starter_skills_test.go	n/a-no-comments	engine-no-comment-4	Go source contains no line or block comments; documentation/comment audit not applicable
gicg_engine/tests/native_talents_test.go	n/a-no-comments	engine-no-comment-4	Go source contains no line or block comments; documentation/comment audit not applicable
gicg_engine/tests/overload_builtin_test.go	n/a-no-comments	engine-no-comment-4	Go source contains no line or block comments; documentation/comment audit not applicable
gicg_engine/tests/overload_death_test.go	n/a-no-comments	engine-no-comment-4	Go source contains no line or block comments; documentation/comment audit not applicable
gicg_engine/tests/previous_switch_test.go	n/a-no-comments	engine-no-comment-4	Go source contains no line or block comments; documentation/comment audit not applicable
gicg_engine/tests/random_independent_layers_test.go	n/a-no-comments	engine-no-comment-4	Go source contains no line or block comments; documentation/comment audit not applicable
gicg_engine/tests/random_lifecycle_test.go	n/a-no-comments	engine-no-comment-4	Go source contains no line or block comments; documentation/comment audit not applicable
gicg_engine/tests/retaliation_owner_test.go	n/a-no-comments	engine-no-comment-4	Go source contains no line or block comments; documentation/comment audit not applicable
gicg_engine/tests/swirl_test.go	n/a-no-comments	engine-no-comment-4	Go source contains no line or block comments; documentation/comment audit not applicable
